claim_id,entity,metric_id,claim,source_ids,confidence,used_in_score,notes
CL001,Преп-Центр,C1,"Сквозная работа с КИЗ: учет/привязка в WMS, скан-контроль, печать/нанесение и дублирование кода на внешний защитный слой",S011;S016,high,yes,raw=5
CL002,Преп-Центр,C2,"ВПП, термоусадка, комбинированная защита и подтвержденная практика по косметике, жидкостям, бытовой и автохимии",S012;S013;S014;S018,high,yes,raw=5
CL003,Преп-Центр,C3,Возврат проверяется; пригодная единица может быть переупакована/перемаркирована и возвращена в доступный остаток,S010;S016;S017,high,yes,raw=4
CL004,Преп-Центр,C4,Wildberries FBS отгружается не менее 2 раз в день; заказы и остатки ведутся через WMS/API,S010;S016;S017,high,yes,raw=4
CL005,Преп-Центр,C5,"Публичный прайс позволяет оценить базовый FBS, КИЗ и специальные упаковочные операции",S015,high,yes,raw=5
CL006,Преп-Центр,C6,"Подтверждены материальная ответственность, WMS-прослеживаемость и развитое видеонаблюдение",S019;S017;S016,high,yes,raw=4
CL007,WBBK,C1,"КИЗ печатаются/наносятся и проверяются; в FBS-процессе маркировка передается и списывается, для возвратов есть перемаркировка",S093;S095;S097,high,yes,raw=5
CL008,WBBK,C2,"Доступны ВПП, термоусадка, короба и другие защитные решения; подтверждены процессы для косметики, одежды, обуви, электроники и БАДов",S094;S096;S097;S098,high,yes,raw=4
CL009,WBBK,C3,"Возвраты обрабатываются, для отдельных категорий подтверждена перемаркировка; полный цикл повторного ввода раскрыт не полностью",S093;S097,medium,yes,raw=2
CL010,WBBK,C4,"До 3000 FBS-заказов в день, средний цикл около 13 часов, API/WMS; доступна многократная передача заказов в день",S093,high,yes,raw=5
CL011,WBBK,C5,"Публичный калькулятор и ставки раскрывают FBS, упаковку и маркировочные операции",S093;S094;S095,high,yes,raw=5
CL012,WBBK,C6,"Есть договорная компенсация штрафов по вине оператора, WMS-контроль и круглосуточное видео",S090;S093;S097,high,yes,raw=5
CL013,LOGIDEX,C1,"КИЗ встроены в FBS-процесс, используются API и проверка маркировки",S020;S022,high,yes,raw=5
CL014,LOGIDEX,C2,"Подтверждены ВПП, термоусадка и category-specific упаковка для косметики, бытовой химии и хрупких товаров",S021;S024,high,yes,raw=4
CL015,LOGIDEX,C3,"Возвраты одежды/обуви включают осмотр, проверку DataMatrix, возврат в оборот и при необходимости перемаркировку",S023,high,yes,raw=4
CL016,LOGIDEX,C4,"2 FBS-отгрузки в день, цикл около 12 часов, API/CRM и автоматический поток заказов",S020;S022,high,yes,raw=5
CL017,LOGIDEX,C5,"Опубликованы ставки FBS, упаковки и КИЗ; экономика в значительной степени рассчитываема до договора",S020;S021,high,yes,raw=4
CL018,LOGIDEX,C6,"Подтверждены договорный/операционный контроль и CRM-трассировка, но публичный компенсационный механизм раскрыт ограниченно",S020;S024,medium,yes,raw=3
CL019,Будет сделано!,C1,"КИЗ сканируются, привязываются к заказу и проверяются на дубли",S030;S031,high,yes,raw=4
CL020,Будет сделано!,C2,"Используются ВПП, БОПП, короба и специальные форматы комплектации, включая наборы/бьюти-боксы",S030,high,yes,raw=4
CL021,Будет сделано!,C3,Возвраты проверяются и при необходимости переупаковываются перед повторной обработкой,S032,high,yes,raw=4
CL022,Будет сделано!,C4,FBS-процесс автоматизирован через WMS/API; подтверждены регулярные рейсы Wildberries,S030,high,yes,raw=4
CL023,Будет сделано!,C5,Публичные ставки позволяют оценить базовый FBS и часть специальных операций,S030,high,yes,raw=4
CL024,Будет сделано!,C6,"Подтверждены контроль качества, ответственность и компенсация ошибок оператора",S030;S032,high,yes,raw=4
CL025,fulfil.pro,C1,Data Matrix печатается/наносится и проверяется сканером; более глубокая системная привязка КИЗ публично раскрыта ограниченно,S040,high,yes,raw=2
CL026,fulfil.pro,C2,"Подтверждены термоусадка, ВПП, zip и реальные процессы для сложных товарных категорий",S040;S042,high,yes,raw=5
CL027,fulfil.pro,C3,Возвраты обрабатываются и переупаковываются; полный сквозной цикл маркируемого возврата раскрыт не полностью,S040;S041,medium,yes,raw=3
CL028,fulfil.pro,C4,"2+ рейса Wildberries в день, средний цикл менее 8 часов, API/WMS и актуализация остатков",S040;S041,high,yes,raw=5
CL029,fulfil.pro,C5,"Публичны базовые FBS-ставки, но часть специальных операций требует индивидуального расчета",S041,high,yes,raw=3
CL030,fulfil.pro,C6,"Полная материальная ответственность, видеоконтроль и компенсационный механизм по ошибкам оператора",S040;S042,high,yes,raw=5
CL031,Helpberries,C1,Подтверждены печать/нанесение Честного знака и перемаркировка; системная привязка КИЗ раскрыта ограниченно,S073,high,yes,raw=2
CL032,Helpberries,C2,Сильная защитная упаковка и реальный FBS-кейс косметики/жидкой продукции с защитой от протечек,S072;S071,high,yes,raw=5
CL033,Helpberries,C3,"Возвраты включают осмотр, проверку комплектности, фотоотчет, переупаковку и решение годен/брак",S074;S076,high,yes,raw=4
CL034,Helpberries,C4,"Ежедневная Wildberries-логистика, интеграция заказов и WMS; количественный кейс подтверждает day-in-day поток",S070;S071,high,yes,raw=4
CL035,Helpberries,C5,"Публично раскрыта часть экономики FBS и специальных операций, но полная корзина считается не полностью",S070;S072,medium,yes,raw=3
CL036,Helpberries,C6,"Полная материальная ответственность, видео/фото-контроль и компенсация 100% штрафа по вине оператора",S072;S070,high,yes,raw=5
CL037,ФуллБокс / FullBox,C1,"Честный знак включает сканирование, проверку статуса, печать/нанесение и расширенные операции с кодами",S050;S051,high,yes,raw=5
CL038,ФуллБокс / FullBox,C2,"Термоусадка, ВПП, zip, короба и category-specific упаковка для beauty/fashion и других сложных товаров",S052;S053,high,yes,raw=4
CL039,ФуллБокс / FullBox,C3,Возвратный процесс включает проверку и перемаркировку/переупаковку перед повторной продажей,S051;S054,high,yes,raw=4
CL040,ФуллБокс / FullBox,C4,"Wildberries FBS и WMS подтверждены, но публичная частота/цикл раскрыты слабее лидеров",S051;S054,high,yes,raw=3
CL041,ФуллБокс / FullBox,C5,Публичные ставки раскрывают базовый FBS и значительную часть специальных операций,S051;S054,medium,yes,raw=4
CL042,ФуллБокс / FullBox,C6,Подтвержден операционный контроль и договорная ответственность; компенсационный механизм раскрыт не полностью,S050;S054,medium,yes,raw=3
CL043,Full-Fix,C1,"Двухэтапное сканирование, агрегация и WMS-контроль маркировки дают высокий уровень КИЗ-процесса",S060;S064,high,yes,raw=5
CL044,Full-Fix,C2,Подтверждены несколько типов упаковки и работа с регулируемыми категориями; категорийная глубина средняя,S060;S063,high,yes,raw=3
CL045,Full-Fix,C3,"Возвраты проверяются, переупаковываются и при необходимости перемаркировываются",S061;S062,high,yes,raw=4
CL046,Full-Fix,C4,"FBS и WMS подтверждены, но частота/скорость передачи Wildberries публично раскрыты ограниченно",S060;S064,medium,yes,raw=3
CL047,Full-Fix,C5,Публичная экономика сложного заказа раскрыта частично,S060;S063,medium,yes,raw=2
CL048,Full-Fix,C6,"Подтверждены материальная ответственность, компенсация штрафов по вине оператора и сильный WMS-контроль",S060;S064,high,yes,raw=5
CL049,Fulllog,C1,КИЗ наносятся и сканируются при сборке; более глубокая системная привязка раскрыта ограниченно,S080;S083,high,yes,raw=2
CL050,Fulllog,C2,"Подтверждены переупаковка, zip/короба и работа со сложными категориями, включая косметику",S081;S085,high,yes,raw=4
CL051,Fulllog,C3,"Возвраты вскрываются под видео, проверяются, переупаковываются и возвращаются в оборот/остаток",S081;S084,high,yes,raw=4
CL052,Fulllog,C4,"FBS-заказы поступают по API, остаток синхронизируется, рейсы Wildberries выполняются ежедневно",S080;S082,high,yes,raw=3
CL053,Fulllog,C5,"Опубликованный прайс раскрывает базовый FBS, хранение, упаковку и другие операции",S080;S085,high,yes,raw=5
CL054,Fulllog,C6,"Есть материальная ответственность, SLA, компенсация стоимости и видеоконтроль возвратов",S084;S085,high,yes,raw=4
CL055,Yunu,C1,Подтверждена работа с данными маркировки и связь кода с заказом,S102;S105,medium,yes,raw=4; часть фактуры основана на более старом официальном материале
CL056,Yunu,C2,Подтверждены управляемые типы упаковки и работа со сложными товарами,S100;S103,high,yes,raw=3
CL057,Yunu,C3,Возвраты обрабатываются под видео; полный повторный цикл раскрыт частично,S100;S105,medium,yes,raw=3
CL058,Yunu,C4,"3 рейса Wildberries в сутки, средний цикл около 6 часов, API/WMS и автоматизация",S100;S103,high,yes,raw=5
CL059,Yunu,C5,"Публичные FBS-тарифы раскрывают базовую экономику, но не всю корзину специальных операций",S101;S103,high,yes,raw=3
CL060,Yunu,C6,"Видео и операционный контроль подтверждены, материальная ответственность и компенсации раскрыты слабее",S100;S103,medium,yes,raw=2
CL061,Нитропак,C1,В FBS-процессе КИЗ сканируется и связывается с заказом,S110;S111;S112,high,yes,raw=3
CL062,Нитропак,C2,"Подтверждены термоусадка, ВПП, защита от протечек и процессы для бытовой химии, косметики и хрупких товаров",S111;S113;S114;S115,high,yes,raw=4
CL063,Нитропак,C3,Публичная фактура не подтверждает полноценный клиентский возвратный цикл с повторным вводом в FBS-остаток,S110;S115,medium,yes,raw=0
CL064,Нитропак,C4,"Wildberries FBS подтвержден, сдача выполняется 1 раз в сутки; есть WMS",S110,high,yes,raw=3
CL065,Нитропак,C5,Публичны ставки FBS и ряд упаковочных/маркировочных операций,S110;S115,high,yes,raw=4
CL066,Нитропак,C6,Есть операционный контроль и обязанность исправлять часть ошибок склада; сильный компенсационный механизм раскрыт ограниченно,S110;S115,medium,yes,raw=3
CL067,FulFillYou,C1,Подтверждена расширенная маркировочная схема с Data Matrix на внешней упаковке,S130;S131;S131,high,yes,raw=4
CL068,FulFillYou,C2,"Доступны ВПП, термоусадка и короба, но публичная категорийная доказательность ограничена",S132;S132,medium,yes,raw=2
CL069,FulFillYou,C3,Возвраты проверяются и переупаковываются; подробный цикл повторного ввода раскрыт частично,S132;S134;S132,medium,yes,raw=2
CL070,FulFillYou,C4,"FBS и автоматизированный складской учет подтверждены, но частота передачи Wildberries раскрыта умеренно",S130;S134,high,yes,raw=3
CL071,FulFillYou,C5,"Опубликованы отдельные ставки возврата и упаковки, но полная корзина сложного FBS-заказа не рассчитывается",S132,high,yes,raw=2
CL072,FulFillYou,C6,"Полное страхование, материальная ответственность и WMS-контроль подтверждены",S130;S133,high,yes,raw=4
CL073,СДЭК Фулфилмент,C1,В FBS-процессе КИЗ связан с конкретной единицей и заказом,S141;S144,high,yes,raw=3
CL074,СДЭК Фулфилмент,C2,Подтверждены защитные упаковочные операции,S140;S144,high,yes,raw=2
CL075,СДЭК Фулфилмент,C3,Возвраты проверяются и готовятся к повторной продаже,S142,high,yes,raw=3
CL076,СДЭК Фулфилмент,C4,В Москве доступны FBS-склады и автоматическое поступление заказов,S140;S143,high,yes,raw=3
CL077,СДЭК Фулфилмент,C5,Публичны базовые FBS и упаковочно-маркировочные ставки,S140;S144,high,yes,raw=3
CL078,СДЭК Фулфилмент,C6,"Операционный контроль подтвержден, сильный публичный компенсационный механизм не подтвержден",S140;S143,medium,yes,raw=2
CL079,Fulfilment-E,ELIGIBILITY,Финальная проверка не подтвердила обязательную складскую операцию с КИЗ по фиксированному правилу допуска A,S120;S121;S122,medium,no,reviewed corpus; FINAL_EXCLUSION; no score
