metric_id,metric_name,score,condition,evidence_required,notes
C1,Глубина работы с «Честным знаком» и КИЗ,0,Нет подтвержденной складской операции с КИЗ / кандидат не проходит допуск,Официальный источник,Для калибровочного пула обычно неприменимо
C1,Глубина работы с «Честным знаком» и КИЗ,1,Только нанесение готового Data Matrix без подтвержденной скан-проверки/учета,Официальный источник
C1,Глубина работы с «Честным знаком» и КИЗ,2,Печать/нанесение + проверка читаемости или статуса кода,Официальный источник
C1,Глубина работы с «Честным знаком» и КИЗ,3,Сканирование/проверка + привязка КИЗ к единице/заказу либо учет кодов в складской системе,Официальный источник
C1,Глубина работы с «Честным знаком» и КИЗ,4,"Уровень 3 + минимум одна расширенная операция: агрегация, массовая загрузка/печать, контроль дублей, передача КИЗ через API, перемаркировка возврата",Официальный источник
C1,Глубина работы с «Честным знаком» и КИЗ,5,Сквозной процесс: учет/привязка КИЗ в WMS/системе + скан-контроль + печать/нанесение + минимум одна операция для сложной упаковки/возврата,Официальный источник,"Максимум требует сквозной прослеживаемости, а не только наклейки"
C2,Защитная упаковка и категорийная практика,0,Расширенная упаковка и категорийная практика не подтверждены,Официальный источник,Для калибровочного пула обычно неприменимо
C2,Защитная упаковка и категорийная практика,1,"Подтвержден один дополнительный упаковочный прием сверх стандартного пакета, но нет доказанной практики под конкретный товарный риск",Официальный источник
C2,Защитная упаковка и категорийная практика,2,Есть минимум 2 защитные технологии либо 1 технология с конкретным процессом для сложной категории,Официальный источник
C2,Защитная упаковка и категорийная практика,3,Есть несколько защитных технологий и подтвержденная работа минимум с 1 сложной категорией с описанием ее риска/процесса,Официальный источник
C2,Защитная упаковка и категорийная практика,4,"Есть 3+ технологии упаковки, category-specific выбор схемы и подтвержденная практика минимум по 2 сложным категориям",Официальный источник
C2,Защитная упаковка и категорийная практика,5,"Глубокий многослойный/комбинированный процесс + category-specific контроль и реальная подтвержденная практика по нескольким сложным категориям, включая количественные кейсы или сопоставимую доказательность",Официальный источник/кейс,Один и тот же факт упаковки/категории учитывается здесь только 1 раз
C3,Возвратный цикл и контроль качества,0,Возвраты/контроль не подтверждены,Официальный источник
C3,Возвратный цикл и контроль качества,1,Только прием/забор возврата без описания проверки,Официальный источник
C3,Возвратный цикл и контроль качества,2,Осмотр состояния или базовая сортировка годный/брак,Официальный источник
C3,Возвратный цикл и контроль качества,3,Осмотр + фото/видео или проверка комплектности + возврат годного товара в остаток,Официальный источник
C3,Возвратный цикл и контроль качества,4,Уровень 3 + переупаковка или перемаркировка перед повторной продажей,Официальный источник
C3,Возвратный цикл и контроль качества,5,Полный цикл: идентификация единицы/КИЗ при необходимости + осмотр + фиксация + переупаковка/перемаркировка + возврат пригодного товара в доступный остаток и отдельный статус брака,Официальный источник
C4,FBS-скорость и автоматизация,0,FBS-процесс не подтвержден,Официальный источник,Для калибровочного пула неприменимо
C4,FBS-скорость и автоматизация,1,"FBS подтвержден, но частота/автоматизация почти не раскрыты",Официальный источник
C4,FBS-скорость и автоматизация,2,"Есть WMS/личный кабинет или ежедневная передача, но не обе составляющие",Официальный источник
C4,FBS-скорость и автоматизация,3,Ежедневная передача + WMS/статусы либо API без сильной публичной частоты,Официальный источник
C4,FBS-скорость и автоматизация,4,2+ передачи/рейса в сутки либо цикл до 13 часов + API/WMS/онлайн-остатки,Официальный источник
C4,FBS-скорость и автоматизация,5,2+ передачи/рейса в сутки + подтвержденный быстрый цикл до 13 часов + API/WMS/остатки/статусы либо 3+ рейса/сутки с сопоставимой автоматизацией,Официальный источник
C5,Прозрачность экономики сложного FBS-заказа,0,Публичных ставок нет,Прайс/калькулятор
C5,Прозрачность экономики сложного FBS-заказа,1,Только индивидуальный расчет по запросу,Прайс/калькулятор
C5,Прозрачность экономики сложного FBS-заказа,2,"Опубликована 1–2 ставки, но сложный заказ посчитать нельзя",Прайс/калькулятор
C5,Прозрачность экономики сложного FBS-заказа,3,"Есть ставки базового FBS и части специальных операций, но остается несколько существенных неизвестных",Прайс/калькулятор
C5,Прозрачность экономики сложного FBS-заказа,4,"Публично раскрыты базовый FBS + КИЗ/маркировка + хотя бы одна защитная упаковка/возврат, остается 1 существенная переменная",Прайс/калькулятор
C5,Прозрачность экономики сложного FBS-заказа,5,Можно собрать почти полную корзину: приемка/хранение + FBS-сборка/передача + КИЗ + расширенная упаковка + возврат/допоперации,Прайс/калькулятор,"Оценивается прозрачность, не дешевизна"
C6,Ответственность и прослеживаемость,0,Контроль и ответственность не подтверждены,Договор/официальная страница
C6,Ответственность и прослеживаемость,1,Только общее обещание качества/сохранности,Договор/официальная страница
C6,Ответственность и прослеживаемость,2,"Есть видео/фото/WMS-трассировка либо SLA, но без ясной материальной ответственности",Договор/официальная страница
C6,Ответственность и прослеживаемость,3,Материальная ответственность/страхование либо компенсационный механизм + базовая прослеживаемость,Договор/официальная страница
C6,Ответственность и прослеживаемость,4,Материальная ответственность/компенсация + развитый видео/WMS/SLA-контроль,Договор/официальная страница
C6,Ответственность и прослеживаемость,5,Явная компенсация ошибок/штрафов по вине оператора + материальная ответственность + сквозная фото/видео/WMS-прослеживаемость,Договор/официальная страница,Максимум требует сочетания юридического и операционного контроля
