source_id,entity,source_type,publisher,title,url,date_published,date_checked,primary_or_secondary,independent_or_owned,access_status,notes
S001,Wildberries,official_help,Wildberries,Упаковка товаров для модели «Маркетплейс» (FBS),https://seller.wildberries.ru/instructions/ru/by/material/how-to-pack-items-in-fbs?recommended=true,,2026-10-02,primary,owned,live,Обязательные требования FBS; отдельно отмечены жидкости и риск протекания
S002,Wildberries,official_help,Wildberries,Как продавать товары с КИЗ,https://seller.wildberries.ru/instructions/ru/ru/material/how-to-sell-cim-labeled-items,2026-09-25,2026-10-02,primary,owned,live,"КИЗ, читаемость и требования к маркируемым товарам"
S003,Wildberries,official_help,Wildberries,Маркировка товаров и поставок: FBS,https://seller.wildberries.ru/instructions/ru/ru/material/items-and-shipment-labling-like-barcode-and-others,2026-09-23,2026-10-02,primary,owned,live,"Стикер заказа, QR-коды и маркировка FBS"
S004,Wildberries,official_help,Wildberries,Проверка кодов маркировки при работе по FBS,https://seller.wildberries.ru/instructions/ru/ru/material/verify-product-identifiers,2026-08-27,2026-10-02,primary,owned,live,Проверка КИЗ и других идентификаторов
S005,IndexResearch,methodology,IndexResearch,Методология рейтингов,https://github.com/IndexResearch-ru/rating-methodology,,2026-10-02,primary,independent,live,Общий стандарт доказательности и заморозки модели
S010,Преп-Центр,official,Преп-Центр,FBS для Wildberries,https://prep-center.ru/fbs-wildberries/,2026-09-18,2026-10-02,primary,owned,live,"FBS, 2+ отгрузки/день, WMS, КИЗ, упаковка, возвраты"
S011,Преп-Центр,official,Преп-Центр,Маркировка Честный знак,https://prep-center.ru/chestnyy-znak/,2026-08,2026-10-02,primary,owned,live,"КИЗ в WMS, печать, сканирование, дублирование на внешний слой"
S012,Преп-Центр,official,Преп-Центр,Фулфилмент для жидких товаров,https://prep-center.ru/fulfillment-zhidkih-tovarov/,2026-08-21,2026-10-02,primary,owned,live,"ВПП, термоусадка, жидкости, химия, FBS"
S013,Преп-Центр,official_case,Преп-Центр,Фулфилмент для косметики,https://prep-center.ru/fulfillment-kosmetika/,2026-08-22,2026-10-02,primary,owned,live,"Косметика, контроль тары, КИЗ, кейс 8400 ед."
S014,Преп-Центр,official,Преп-Центр,Термоусадка и ВПП,https://prep-center.ru/termousadka-vpp/,2026-08-21,2026-10-02,primary,owned,live,"2 технологии, двухслойная упаковка, тестовый образец, кейс 5180 ед."
S015,Преп-Центр,official_price,Преп-Центр,Тарифы,https://prep-center.ru/tarify/,2026-08,2026-10-02,primary,owned,live,"Публичные ставки FBS, КИЗ, ВПП, термоусадки и других операций"
S016,Преп-Центр,official,Преп-Центр,WMS МПФИТ в Преп-Центре,https://prep-center.ru/wms-mpfit-dlya-fulfillmenta/,2026-09-05,2026-10-02,primary,owned,live,"WMS, API, КИЗ, единый остаток, возвраты, биллинг"
S017,Преп-Центр,official,Преп-Центр,О Преп-Центре,https://prep-center.ru/about/,2026-08,2026-10-02,primary,owned,live,"1560 м², мощность, 2 FBS-отгрузки/день, контроль"
S018,Преп-Центр,official_case,Преп-Центр,Фулфилмент автохимии и автокосметики,https://prep-center.ru/fulfillment-avtohimiya/,2026-08-22,2026-10-02,primary,owned,live,"Контроль флаконов, ВПП, FBS, наборы, химия"
S020,LOGIDEX,official,LOGIDEX,Фулфилмент FBS,https://www.logidex.ru/fulfillment-fbs.html,,2026-10-02,primary,owned,live,"2 отгрузки/день, ~12 часов, API, КИЗ, CRM, тарифы"
S021,LOGIDEX,official,LOGIDEX,Фулфилмент для Wildberries,https://www.logidex.ru/fulfillment-wildberries.html,,2026-10-02,primary,owned,live,"Термоусадка, ВПП, косметика, бытовая химия, хрупкое, цены"
S022,LOGIDEX,official_blog,LOGIDEX,FBS Wildberries и Ozon 2026,https://www.logidex.ru/blog/fbs-wildberries-otgruzka-2026.html,2026-07-24,2026-10-02,primary,owned,live,"КИЗ, API, упаковка, FBS-процесс"
S030,Будет сделано!,official,Будет сделано!,Фулфилмент FBS,https://willbedone.pro/fulfilment-fbs/,,2026-10-02,primary,owned,live,"КИЗ, WMS/API, 2 рейса/день, ВПП/БОПП/короба, возвраты"
S031,Будет сделано!,official_blog,Будет сделано!,Маркировка КИЗ для Wildberries,https://willbedone.pro/markirovka-kiz-dlya-wildberries-chto-eto/,,2026-10-02,primary,owned,live,"Сканирование, привязка КИЗ к заказу, контроль дублей"
S032,Будет сделано!,official_blog,Будет сделано!,Возвраты на Wildberries,https://willbedone.pro/vozvraty-na-wildberries-dlya-prodavca/,,2026-10-02,primary,owned,live,Проверка и переупаковка возвратов
S040,fulfil.pro,official,fulfil.pro,Фулфилмент для Wildberries,https://fulfil.pro/fulfilment-dlya-wildberries/,,2026-10-02,primary,owned,live,"2+ FBS рейса, WMS/API, упаковка, ЧЗ, возвраты, ответственность"
S041,fulfil.pro,official,fulfil.pro,Фулфилмент по модели FBS,https://fulfil.pro/fulfilment-po-modeli-fbs/,,2026-10-02,primary,owned,live,"Средний цикл <8 ч, API, прайс, сложные FBS-кейсы"
S042,fulfil.pro,official,fulfil.pro,Главная,https://fulfil.pro/,,2026-10-02,primary,owned,live,"Сложные категории, мощности, материальная ответственность"
S050,ФуллБокс / FullBox,official,ФуллБокс,Честный Знак,https://fullbox.ru/services/chestny-znak/,,2026-10-02,primary,owned,live,"Сканирование, проверка статуса, печать, агрегация, передача в ЧЗ"
S051,ФуллБокс / FullBox,official,ФуллБокс,Фулфилмент для Wildberries,https://fullbox.ru/fulfilment-wildberries/,,2026-10-02,primary,owned,live,"FBS, термоусадка, ВПП, ZIP, короба, КИЗ, перемаркировка возвратов"
S052,ФуллБокс / FullBox,official_blog,ФуллБокс,Требования к упаковке Wildberries 2026,https://fullbox.ru/blog/trebovaniya-upakovki-wb/,,2026-10-02,primary,owned,live,"Хрупкое, ВПП, короба, наборы, термоусадка"
S053,ФуллБокс / FullBox,official,ФуллБокс,Фулфилмент для косметики,https://fullbox.ru/fulfilment-kosmetika/,,2026-10-02,primary,owned,live,"Парфюмерия, защитная упаковка стекла, герметичность, наборы"
S054,ФуллБокс / FullBox,official,ФуллБокс,Услуги склада,https://fullbox.ru/services/,,2026-10-02,primary,owned,live,"WMS, FBS, ЧЗ, возвраты"
S060,Full-Fix,official,Full-Fix,Главная,https://full-fix.ru/,,2026-10-02,primary,owned,live,"FBS, WMS, КИЗ, агрегация, упаковка, ответственность, компенсации"
S061,Full-Fix,official,Full-Fix,Возврат товаров с маркетплейсов,https://full-fix.ru/vozvrat-tovarov-s-marketplejsov/,,2026-10-02,primary,owned,live,"Проверка, маркировка, упаковка возвратов, договор"
S062,Full-Fix,official_blog,Full-Fix,Обработка возвратов: как вернуть товар в оборот,https://full-fix.ru/blog/obrabotka-vozvratov-kak-vernut-tovar-v-oborot/,2026-08-11,2026-10-02,primary,owned,live,"Переупаковка, новые этикетки, перемаркировка ЧЗ"
S063,Full-Fix,official,Full-Fix,Услуги,https://full-fix.ru/uslugi/,,2026-10-02,primary,owned,live,"WMS, Честный знак, упаковка, возвраты"
S070,Helpberries,official,Helpberries,Фулфилмент для Wildberries,https://helpberries.ru/fulfilment-wb,,2026-10-02,primary,owned,live,"FBS, Москва, ежедневные отгрузки, ЧЗ, API, материальная ответственность"
S071,Helpberries,official_case,Helpberries,Кейс косметики,https://helpberries.ru/cases/fulfilment-kosmetika-helpberries,,2026-10-02,primary,owned,live,"Косметика, ЧЗ, WMS, FBS, возвраты/брак"
S072,Helpberries,official,Helpberries,Упаковка для маркетплейсов,https://helpberries.ru/upakovka,,2026-10-02,primary,owned,live,"Хрупкое, стекло, косметика, переупаковка, контроль качества"
S073,Helpberries,official,Helpberries,Маркировка Честный знак,https://helpberries.ru/markirovka-chestnyy-znak-dlya-marketpleysov,,2026-10-02,primary,owned,live,"Печать/нанесение, помощь с эмиссией, перемаркировка"
S074,Helpberries,official_case,Helpberries,Восстановление и обработка возвратов,https://helpberries.ru/vosstanovlenie-i-obrabotka-vozvratov,,2026-10-02,primary,owned,live,"Осмотр, переупаковка в термоусадку/ВПП, возврат в продажу"
S080,Fulllog,official,Fulllog,Фулфилмент для Wildberries,https://fulllog.ru/fulfillment-wildberries,,2026-10-02,primary,owned,live,"API, ежедневные FBS, КИЗ, возвраты, публичные ставки"
S081,Fulllog,official,Fulllog,Переупаковка,https://fulllog.ru/pereupakovka,,2026-10-02,primary,owned,live,"Возвраты с видео, переупаковка, КИЗ, возврат в оборот"
S082,Fulllog,official_blog,Fulllog,Как отгружать заказы по FBS,https://fulllog.ru/blog/kak-otgruzhat-zakazy-po-fbs,,2026-10-02,primary,owned,live,"API, единый остаток, ежедневные рейсы, возвраты"
S083,Fulllog,official_blog,Fulllog,Честный знак для селлера WB/Ozon,https://fulllog.ru/blog/chestny-znak-dlya-sellera-wb-ozon,2026-07-27,2026-10-02,primary,owned,live,"Маркировка, проверка КИЗ, обязанности FBS"
S090,WBBK,official,WBBK,Фулфилмент для Wildberries,https://www.wbbk.club/fulfillment/wildberries,,2026-10-02,primary,owned,live,"Москва, FBS, КИЗ, WMS, компенсация штрафов"
S091,WBBK,official,WBBK,Фулфилмент для обуви,https://www.wbbk.club/fulfillment/obuv,,2026-10-02,primary,owned,live,"ЧЗ, короб, ВПП, перемаркировка возвратов, FBS"
S092,WBBK,official,WBBK,Фулфилмент для БАДов,https://www.wbbk.club/fulfillment/bady,,2026-10-02,primary,owned,live,"ЧЗ, сроки годности, WMS, ответственность"
S100,Yunu,official,Yunu,Фулфилмент для Wildberries,https://yunu.ru/fulfilment-dlya-wildberries,,2026-10-02,primary,owned,live,"FBS 3 раза/сутки, среднее 6 ч, возвраты под видео"
S101,Yunu,official,Yunu,Фулфилмент,https://yunu.ru/fulfilment,,2026-10-02,primary,owned,live,"FBS-тарифы, упаковка, складской процесс"
S102,Yunu,official_blog,Yunu,Обновление функционала: Честный знак,https://yunu.ru/blog/obnovlenie-funktsionala-chestnii-znak,2023-07-21,2026-10-02,primary,owned,live,"Двусторонняя интеграция с маркировкой; источник старый, используется консервативно"
S110,Нитропак,official,Нитропак,FBS для Wildberries,https://nitropack.ru/fulfillment-fbs,,2026-10-02,primary,owned,live,"FBS из Битцы; хранение, WMS, 1 сдача/сутки, упаковка и маркировка"
S111,Нитропак,official,Нитропак,Фулфилмент для бытовых товаров,https://nitropack.ru/fulfillment-bytovye-tovary,,2026-10-02,primary,owned,live,"Жидкости/бытовая химия, защита от протечек, термоусадка, Честный знак, WMS"
S112,Нитропак,official_blog,Нитропак,Маркировка и FBS Wildberries,https://nitropack.ru/blog/wb-labeling-guide,,2026-10-02,primary,owned,live,Маркировка FBS и работа с кодами; дополнительный контекст
S120,Fulfilment-E,official,Fulfilment-E,FBS для Wildberries и Ozon,https://fulfilment-e.com/fbs-for-wildberries-i-ozon/,,2026-10-02,primary,owned,live,"FBS, автоматическая сборка, доставка на СЦ менее суток, видеодоказательства"
S121,Fulfilment-E,official,Fulfilment-E,Главная,https://fulfilment-e.com/,,2026-10-02,primary,owned,live,"Полная материальная ответственность, 100% видео, складская инфраструктура"
S122,Fulfilment-E,official,Fulfilment-E,Упаковка товаров для маркетплейсов,https://fulfilment-e.com/fbo-for-wildberries-i-ozon/,,2026-10-02,primary,owned,live,Термоусадка и контроль качества; часть фактуры относится к FBO и используется только для общей складской способности
S130,FulFillYou,official,FulFillYou,Фулфилмент для Wildberries,https://fulfillyou.ru/fulfilment-for-wildberries,,2026-10-02,primary,owned,live,"FBS/FBO, маркировка, переупаковка, IT-платформа, страхование/матответственность"
S131,FulFillYou,official_blog,FulFillYou,Честный знак: что нужно знать селлерам,https://fulfillyou.ru/tpost/ta9zme2bx1-chestnii-znak-chto-nuzhno-znat-selleram,,2026-10-02,primary,owned,live,Практика нанесения того же Data Matrix на внешнюю упаковку; складская работа с маркировкой
S132,FulFillYou,official,FulFillYou,Возврат товаров с маркетплейсов,https://fulfillyou.ru/vozvrat-tovarov-s-marketpleysov,,2026-10-02,primary,owned,live,"FBS/FBO возвраты, переупаковка, ВПП/термоусадка/короба, подготовка к повторной отправке"
S140,СДЭК Фулфилмент,official,СДЭК Фулфилмент,FBS для Wildberries,https://ff.cdek.ru/fbs/wildberries,,2026-10-02,primary,owned,live,"FBS, хранение, сборка, упаковка, интеграция, публичные базовые тарифы"
S141,СДЭК Фулфилмент,official_blog,СДЭК Фулфилмент,КИЗ на Wildberries: как работать по FBS,https://ff.cdek.ru/blog/kiz-fbs-wildberries,2026-08-30,2026-10-02,primary,owned,live,"КИЗ в сборочном задании, связь кода с конкретной единицей, возврат в оборот"
S142,СДЭК Фулфилмент,official,СДЭК Фулфилмент,Забор возвратов с маркетплейсов,https://ff.cdek.ru/uslugi/zabor-vozvratov,,2026-10-02,primary,owned,live,"FBS/FBO возвраты: забрать, проверить, подготовить к повторной продаже"
S143,СДЭК Фулфилмент,official,СДЭК Фулфилмент,Фулфилмент Wildberries в Москве,https://ff.cdek.ru/wildberries/moskva,,2026-10-02,primary,owned,live,"4 склада для FBS в Москве, автоматическое поступление заказов, упаковка/маркировка"
S144,СДЭК Фулфилмент,official,СДЭК Фулфилмент,Упаковка и маркировка товаров для маркетплейсов,https://ff.cdek.ru/uslugi/upakovka-tovarov-dlya-marketplejsov,,2026-10-02,primary,owned,live,"Защитная/индивидуальная упаковка, короба, наборы, переупаковка, Честный знак, проверка читаемости штрих-кодов"
S019,Преп-Центр,official,Преп-Центр,Главная,https://prep-center.ru/,,2026-10-02,primary,owned,live,"Полная материальная ответственность, WMS, круглосуточное видео, FBS"
S023,LOGIDEX,official_blog,LOGIDEX,"FBS для одежды и обуви: упаковка, КИЗ, возвраты",https://www.logidex.ru/blog/fbs-odezhda-obuv-osobennosti.html,2026-07-24,2026-10-02,primary,owned,live,"Возврат: осмотр, DataMatrix, возврат в оборот, перемаркировка"
S024,LOGIDEX,official,LOGIDEX,Упаковка товаров для маркетплейсов,https://logidex.ru/upakovka.html,,2026-10-02,primary,owned,live,"FBO/FBS, сложная упаковка, договор, ежедневные отгрузки"
S064,Full-Fix,official,Full-Fix,WMS,https://full-fix.ru/wms/,,2026-10-02,primary,owned,live,"Двухэтапное сканирование КИЗ, агрегация, КРПТ, audit log, real-time"
S076,Helpberries,official,Helpberries,FBS-фулфилмент,https://helpberries.ru/fbs-fulfilment-prodazhi-dlya-marketpleysov,,2026-10-02,primary,owned,live,"Возвраты: осмотр, комплектность, фотоотчет, статус годен/брак"
S084,Fulllog,official,Fulllog,Фулфилмент-центр и SLA,https://fulllog.ru/fulfilment,,2026-10-02,primary,owned,live,"Материальная ответственность, SLA, кредит за нарушение, видео возвратов, WMS"
S085,Fulllog,official,Fulllog,3PL,https://fulllog.ru/3pl,,2026-10-02,primary,owned,live,"Договор МХ-1/МХ-3, компенсация закупочной стоимости, возвраты, прайс"
S093,WBBK,official,WBBK,Главная фулфилмента,https://www.wbbk.club/fulfillment,,2026-10-02,primary,owned,live,"3000 FBS/день, ~13 ч, API/WMS, ЧЗ передается/списывается, ПВЗ до 6/день, калькулятор, возвраты"
S094,WBBK,official,WBBK,Упаковка товаров,https://www.wbbk.club/fulfillment/upakovka,,2026-10-02,primary,owned,live,"ZIP/БОПП/ПВД/короба/ВПП/стрейч/термоусадка, наборы, QC, цены"
S095,WBBK,official,WBBK,Маркировка Честный знак,https://www.wbbk.club/fulfillment/markirovka,,2026-10-02,primary,owned,live,"Печать/нанесение КИЗ, читаемость, маркировка+упаковка"
S096,WBBK,official,WBBK,Фулфилмент косметики и парфюмерии,https://www.wbbk.club/fulfillment/kosmetika,,2026-10-02,primary,owned,live,"Сроки годности, целостность флаконов, ВПП, фиксация в коробе, FBS"
S097,WBBK,official,WBBK,Фулфилмент одежды,https://www.wbbk.club/fulfillment/odezhda,,2026-10-02,primary,owned,live,"ЧЗ, проверка комплектации, ZIP/курьер-пакет, перемаркировка возвратов, компенсация штрафов"
S098,WBBK,official,WBBK,Фулфилмент электроники,https://www.wbbk.club/fulfillment/elektronika,,2026-10-02,primary,owned,live,"ВПП, термоусадка, ложемент, проверка работоспособности и комплектности"
S103,Yunu,official,Yunu,FBS-фулфилмент,https://yunu.ru/fulfilment-fbs,,2026-10-02,primary,owned,live,"WB 3 раза/сутки, ~6 ч, API/WMS, виды упаковки, возвраты, видео, тарифы"
S105,Yunu,official_blog,Yunu,Честный знак и фулфилмент,https://yunu.ru/blog/chestny-znak-fulfillment-biznes/,2025-07-04,2026-10-02,primary,owned,live,"Сканирование кодов, остатки маркированных товаров, возвраты, FBS/FBO"
S113,Нитропак,official,Нитропак,Фулфилмент косметики,https://nitropack.ru/fulfillment-kosmetika,,2026-10-02,primary,owned,live,"ЧЗ, защита стекла/флаконов, WMS, косметика"
S114,Нитропак,official,Нитропак,Фулфилмент товаров для дома,https://nitropack.ru/fulfillment-tovary-dlya-doma,,2026-10-02,primary,owned,live,"Стекло/керамика, ВПП, наполнители, усиленные короба, наборы, WMS"
S115,Нитропак,official,Нитропак,Упаковка товара,https://nitropack.ru/services/packaging,,2026-10-02,primary,owned,live,"ВПП, термоусадка, пакеты, короба, переупаковка; страница FBO-only"
S133,FulFillYou,official,FulFillYou,Склад,https://fulfillyou.ru/warehouse,,2026-10-02,primary,owned,live,"Полное страхование, материальная ответственность, WMS/автоматизация"
S134,FulFillYou,official_blog,FulFillYou,Складская логистика в фулфилменте,https://fulfillyou.ru/tpost/fg6k4div01-fulfilment-dlya-marketpleisov-kak-rabota,,2026-10-02,primary,owned,live,"WMS, сканирование, FBS, возврат: проверка и возврат в продажу/списание"
